Variable,a1,a2,a3,a4,ak0,ak1,ak2,d0,d1,d2,d,g,u,ak3,d3,ak4,d4,ak5,ak6,d5,d6,ak7,d7,ak8,ak9,d8,d9
V161,0.540275189,1.148610489,0.1151367,1.160349095,0,1,2,0,3.044117912,0.383035112,NA,NA,NA,NA,NA,NA,NA,NA,NA,NA,NA,NA,NA,NA,NA,NA,NA
V162,-0.37735536,-0.42375025,-0.286391249,1.671298161,0,1,2,0,1.240474678,-2.22698793,NA,NA,NA,NA,NA,NA,NA,NA,NA,NA,NA,NA,NA,NA,NA,NA,NA
V163,-0.293064805,0.362114799,-0.38122759,1.695961947,0,1,2,0,3.752880657,3.376810189,NA,NA,NA,NA,NA,NA,NA,NA,NA,NA,NA,NA,NA,NA,NA,NA,NA
V5,-1.427767483,-0.424605282,0.310519649,-0.617937252,NA,NA,NA,NA,NA,NA,0.648238464,0,1,NA,NA,NA,NA,NA,NA,NA,NA,NA,NA,NA,NA,NA,NA
V6,-0.360539153,-3.270704312,-2.893960986,-2.088748415,NA,NA,NA,NA,NA,NA,4.250421376,0,1,NA,NA,NA,NA,NA,NA,NA,NA,NA,NA,NA,NA,NA,NA
V7,-0.063642296,0.489200114,-0.708524987,-0.07081564,0,1,2,0,1.299640875,-2.878374787,NA,NA,NA,NA,NA,NA,NA,NA,NA,NA,NA,NA,NA,NA,NA,NA,NA
V8,1.393969793,-2.006189806,0.981243448,-1.857741926,NA,NA,NA,NA,NA,NA,-3.191312205,0,1,NA,NA,NA,NA,NA,NA,NA,NA,NA,NA,NA,NA,NA,NA
V9,3.652341946,-3.417808706,1.4119915,-2.017716965,0,1,2,0,-0.310759731,-4.442380196,NA,NA,NA,3,-14.13524207,NA,NA,NA,NA,NA,NA,NA,NA,NA,NA,NA,NA
V10,1.5182174,-4.344573156,-4.590328255,-7.025838997,NA,NA,NA,NA,NA,NA,7.332851751,0,1,NA,NA,NA,NA,NA,NA,NA,NA,NA,NA,NA,NA,NA,NA
V11,1.334389868,-1.088383367,-2.238306075,-1.677689717,0,1,2,0,5.545862421,1.183582684,NA,NA,NA,NA,NA,NA,NA,NA,NA,NA,NA,NA,NA,NA,NA,NA,NA
V70,1.256515833,-2.259950794,-0.600598498,-0.628082261,0,1,2,0,5.790129051,5.606191629,NA,NA,NA,3,-0.355627509,NA,NA,NA,NA,NA,NA,NA,NA,NA,NA,NA,NA
V71,1.635734898,0.78196417,0.287784329,-0.863258846,0,1,2,0,3.763523964,4.692070746,NA,NA,NA,3,3.86931576,NA,NA,NA,NA,NA,NA,NA,NA,NA,NA,NA,NA
V72,1.337702512,-1.950731789,0.824305178,-0.897690171,0,1,2,0,3.902669783,2.066296022,NA,NA,NA,NA,NA,NA,NA,NA,NA,NA,NA,NA,NA,NA,NA,NA,NA
V73,1.012444132,-0.774698538,-0.192899355,0.313823972,0,1,2,0,0.882793395,0.399635952,NA,NA,NA,3,-2.699174379,NA,NA,NA,NA,NA,NA,NA,NA,NA,NA,NA,NA
V75,2.087430624,-2.103333647,1.170313024,-2.164568385,0,1,2,0,0.82696161,-3.262655162,NA,NA,NA,3,-10.60078971,NA,NA,NA,NA,NA,NA,NA,NA,NA,NA,NA,NA
V76,1.012318321,-0.008591652,-0.440474539,-0.794017292,0,1,2,0,3.304189367,4.07435061,NA,NA,NA,3,2.275282429,NA,NA,NA,NA,NA,NA,NA,NA,NA,NA,NA,NA
V77,0.279581697,-2.059027841,1.529616459,-3.137628378,0,1,2,0,6.046985253,3.571110418,NA,NA,NA,3,-3.666855779,NA,NA,NA,NA,NA,NA,NA,NA,NA,NA,NA,NA
V78,0.680083578,-2.37423311,0.049494762,-1.299807449,0,1,2,0,5.255821515,3.830768782,NA,NA,NA,NA,NA,NA,NA,NA,NA,NA,NA,NA,NA,NA,NA,NA,NA
V79,0.517484655,-2.081801489,2.635963988,-2.505524765,0,1,2,0,4.182983326,1.401190719,NA,NA,NA,3,-4.015075686,NA,NA,NA,NA,NA,NA,NA,NA,NA,NA,NA,NA
V74,1.754934031,-4.450124448,1.01931672,-2.403258019,0,1,2,0,10.06281331,8.174841235,NA,NA,NA,3,-1.758815391,NA,NA,NA,NA,NA,NA,NA,NA,NA,NA,NA,NA
V165,0.296636175,-1.354519273,-1.161730387,1.185275942,0,1,2,0,-1.984539952,-6.713389393,NA,NA,NA,NA,NA,NA,NA,NA,NA,NA,NA,NA,NA,NA,NA,NA,NA
V166,2.639495367,0.407661626,-2.04356368,0.510176215,0,1,2,0,3.794144692,0.354025291,NA,NA,NA,NA,NA,NA,NA,NA,NA,NA,NA,NA,NA,NA,NA,NA,NA
V167,3.893196117,4.927515154,-2.382176654,5.482797949,NA,NA,NA,NA,NA,NA,-8.912627136,0,1,NA,NA,NA,NA,NA,NA,NA,NA,NA,NA,NA,NA,NA,NA
V168,2.136521074,0.000485618,1.06482502,-1.64764655,NA,NA,NA,NA,NA,NA,0.750311939,0,1,NA,NA,NA,NA,NA,NA,NA,NA,NA,NA,NA,NA,NA,NA
V169,3.187807525,-3.039887112,0.4348603,-2.081353771,NA,NA,NA,NA,NA,NA,0.24153854,0,1,NA,NA,NA,NA,NA,NA,NA,NA,NA,NA,NA,NA,NA,NA
V45,4.005871548,2.286040292,3.703354134,-2.238831157,0,1,2,0,3.650230466,2.065523223,NA,NA,NA,NA,NA,NA,NA,NA,NA,NA,NA,NA,NA,NA,NA,NA,NA
V46,2.457925843,-0.300707047,0.169886444,0.281337246,0,1,2,0,-3.012298321,-8.157792955,NA,NA,NA,NA,NA,NA,NA,NA,NA,NA,NA,NA,NA,NA,NA,NA,NA
V49,2.85222811,-0.937912466,1.475590812,-7.500550825,NA,NA,NA,NA,NA,NA,-0.767566993,0,1,NA,NA,NA,NA,NA,NA,NA,NA,NA,NA,NA,NA,NA,NA
V54,-0.431862935,0.318725237,0.87822684,-0.353942547,0,1,2,0,4.202067653,3.018101316,NA,NA,NA,NA,NA,NA,NA,NA,NA,NA,NA,NA,NA,NA,NA,NA,NA
V51,1.61484336,1.025125235,3.123447769,-2.839127827,0,1,2,0,5.771815762,4.997327313,NA,NA,NA,3,-4.282302522,NA,NA,NA,NA,NA,NA,NA,NA,NA,NA,NA,NA
V52,4.529664559,1.969037953,0.881006732,0.700294404,0,1,2,0,7.56926029,0.570590879,NA,NA,NA,NA,NA,NA,NA,NA,NA,NA,NA,NA,NA,NA,NA,NA,NA
V50,1.754822348,-0.429805545,1.643444612,0.194946061,0,1,2,0,6.073715639,6.715114107,NA,NA,NA,NA,NA,NA,NA,NA,NA,NA,NA,NA,NA,NA,NA,NA,NA
V48,0.111753245,-0.550094618,-0.087349468,-0.056136799,NA,NA,NA,NA,NA,NA,-1.087085503,0,1,NA,NA,NA,NA,NA,NA,NA,NA,NA,NA,NA,NA,NA,NA
V47,2.113164149,0.792828347,1.022064564,-2.499749411,0,1,2,0,4.714973072,1.921172607,NA,NA,NA,NA,NA,NA,NA,NA,NA,NA,NA,NA,NA,NA,NA,NA,NA
V53,4.555572401,1.229503409,11.43372216,-8.293319751,0,1,2,0,2.699562356,-22.75261141,NA,NA,NA,NA,NA,NA,NA,NA,NA,NA,NA,NA,NA,NA,NA,NA,NA
V67,-0.054086365,0.796723985,-1.234652049,0.445827513,0,1,2,0,3.112722521,4.04285167,NA,NA,NA,NA,NA,NA,NA,NA,NA,NA,NA,NA,NA,NA,NA,NA,NA
V68,4.277564108,-4.163181096,10.79028871,-0.458959225,NA,NA,NA,NA,NA,NA,-11.35086271,0,1,NA,NA,NA,NA,NA,NA,NA,NA,NA,NA,NA,NA,NA,NA
V69,0.292084624,-1.447066912,0.620087294,-0.786418593,0,1,2,0,-1.373040102,-4.828030088,NA,NA,NA,NA,NA,NA,NA,NA,NA,NA,NA,NA,NA,NA,NA,NA,NA
V84,0.075485643,0.141856455,-0.713486997,0.23060863,0,1,2,0,0.862081584,-3.083546116,NA,NA,NA,NA,NA,NA,NA,NA,NA,NA,NA,NA,NA,NA,NA,NA,NA
V85,-2.384271849,-0.151812125,-4.688615501,2.159458114,0,1,2,0,7.50069816,9.563260886,NA,NA,NA,NA,NA,NA,NA,NA,NA,NA,NA,NA,NA,NA,NA,NA,NA
V86,-2.496772554,1.131508875,-2.1870728,-0.373100645,NA,NA,NA,NA,NA,NA,2.91087688,0,1,NA,NA,NA,NA,NA,NA,NA,NA,NA,NA,NA,NA,NA,NA
V87,-0.665339808,-1.215760577,-1.031238537,1.089227036,NA,NA,NA,NA,NA,NA,0.746667672,0,1,NA,NA,NA,NA,NA,NA,NA,NA,NA,NA,NA,NA,NA,NA
V88,-3.404591311,-0.704144705,-1.327195108,-0.746487081,NA,NA,NA,NA,NA,NA,2.548479164,0,1,NA,NA,NA,NA,NA,NA,NA,NA,NA,NA,NA,NA,NA,NA
V89,-2.136820395,0.21546765,0.496353406,-0.260051983,0,1,2,0,4.371231483,6.321315221,NA,NA,NA,NA,NA,NA,NA,NA,NA,NA,NA,NA,NA,NA,NA,NA,NA
V108,0.761387234,0.052223905,-0.190292724,-1.650400211,0,1,2,0,1.482284902,-0.238521974,NA,NA,NA,NA,NA,NA,NA,NA,NA,NA,NA,NA,NA,NA,NA,NA,NA
V109,-0.149070373,1.493326203,0.146548503,-1.460569246,0,1,2,0,3.280238462,0.683830904,NA,NA,NA,NA,NA,NA,NA,NA,NA,NA,NA,NA,NA,NA,NA,NA,NA
V110,1.007069265,3.053003753,-1.673253618,-0.755826981,NA,NA,NA,NA,NA,NA,1.902811254,0,1,NA,NA,NA,NA,NA,NA,NA,NA,NA,NA,NA,NA,NA,NA
V111,-0.394246411,2.227937417,-1.346883618,-1.594080561,0,1,2,0,6.579818411,7.306662871,NA,NA,NA,NA,NA,NA,NA,NA,NA,NA,NA,NA,NA,NA,NA,NA,NA
V112,-2.77819759,3.354070185,-1.484379585,-3.008309641,NA,NA,NA,NA,NA,NA,2.550255706,0,1,NA,NA,NA,NA,NA,NA,NA,NA,NA,NA,NA,NA,NA,NA
V113,-1.275332435,1.086783095,0.598847389,-1.25422816,0,1,2,0,3.981696861,2.803092585,NA,NA,NA,NA,NA,NA,NA,NA,NA,NA,NA,NA,NA,NA,NA,NA,NA
V114,-0.894117423,1.682945302,-0.244587899,-1.403561797,0,1,2,0,5.6174779,4.65079596,NA,NA,NA,NA,NA,NA,NA,NA,NA,NA,NA,NA,NA,NA,NA,NA,NA
V115,-0.978787615,2.373211477,-0.753498637,-2.559193586,0,1,2,0,7.209283962,7.856948217,NA,NA,NA,NA,NA,NA,NA,NA,NA,NA,NA,NA,NA,NA,NA,NA,NA
V116,-1.562605316,5.009101603,-2.015849356,-2.903065268,0,1,2,0,9.511432005,14.83969133,NA,NA,NA,3,9.178807486,NA,NA,NA,NA,NA,NA,NA,NA,NA,NA,NA,NA
V117,-2.579248044,4.592319373,-1.209973831,-4.284333123,0,1,2,0,10.59190713,13.64448214,NA,NA,NA,3,6.166692331,NA,NA,NA,NA,NA,NA,NA,NA,NA,NA,NA,NA
V118,-1.283235642,3.307753812,-1.007560975,-3.298516654,0,1,2,0,8.697877199,8.619256677,NA,NA,NA,NA,NA,NA,NA,NA,NA,NA,NA,NA,NA,NA,NA,NA,NA
V119,-8.380827199,4.105585451,-2.720929508,-11.25229697,0,1,2,0,24.31825321,9.132945134,NA,NA,NA,NA,NA,NA,NA,NA,NA,NA,NA,NA,NA,NA,NA,NA,NA
V120,0.396055879,2.687808872,-2.202663701,-2.084011794,NA,NA,NA,NA,NA,NA,-0.486474095,0,1,NA,NA,NA,NA,NA,NA,NA,NA,NA,NA,NA,NA,NA,NA
V121,0.140260357,1.535056535,-0.607078943,-1.590598924,0,1,2,0,5.989353507,5.225168875,NA,NA,NA,NA,NA,NA,NA,NA,NA,NA,NA,NA,NA,NA,NA,NA,NA
V122,-1.39406916,0.712793638,-1.794918306,-2.113573565,NA,NA,NA,NA,NA,NA,-1.77729181,0,1,NA,NA,NA,NA,NA,NA,NA,NA,NA,NA,NA,NA,NA,NA
V123,-1.597371636,2.257942385,-2.898190689,-4.587627557,0,1,2,0,11.28508341,7.618570916,NA,NA,NA,NA,NA,NA,NA,NA,NA,NA,NA,NA,NA,NA,NA,NA,NA
V124,-0.556483069,0.788327983,-0.621605754,-1.768501261,NA,NA,NA,NA,NA,NA,-1.872955476,0,1,NA,NA,NA,NA,NA,NA,NA,NA,NA,NA,NA,NA,NA,NA
V126,-1.877185803,2.317398701,-1.581211399,-2.560849689,0,1,2,0,7.428106344,7.649767911,NA,NA,NA,3,3.096357679,NA,NA,NA,NA,NA,NA,NA,NA,NA,NA,NA,NA
V127,0.643711028,0.341152151,-0.212096533,0.092750151,0,1,2,0,0.414364312,-1.359051487,NA,NA,NA,NA,NA,NA,NA,NA,NA,NA,NA,NA,NA,NA,NA,NA,NA
V128,1.01414164,0.111368136,0.39184296,0.441280255,NA,NA,NA,NA,NA,NA,-1.078732864,0,1,NA,NA,NA,NA,NA,NA,NA,NA,NA,NA,NA,NA,NA,NA
V129,2.4534431,0.247326725,0.574369184,-0.385503219,0,1,2,0,3.016760076,1.872691439,NA,NA,NA,NA,NA,NA,NA,NA,NA,NA,NA,NA,NA,NA,NA,NA,NA
V130,-1.407322506,-1.465129914,0.894926766,-2.393495859,NA,NA,NA,NA,NA,NA,-0.617430923,0,1,NA,NA,NA,NA,NA,NA,NA,NA,NA,NA,NA,NA,NA,NA
V142,-0.499365586,2.434386885,-1.681256419,-1.116208151,NA,NA,NA,NA,NA,NA,-1.172913832,0,1,NA,NA,NA,NA,NA,NA,NA,NA,NA,NA,NA,NA,NA,NA
V225,0.763853017,0.004511161,0.326598463,-1.585337336,0,1,2,0,1.077571588,-0.57057557,NA,NA,NA,NA,NA,NA,NA,NA,NA,NA,NA,NA,NA,NA,NA,NA,NA
V226,-1.555272007,-0.873647951,-1.219021264,-0.094821232,0,1,2,0,-1.158088797,-5.157532423,NA,NA,NA,NA,NA,NA,NA,NA,NA,NA,NA,NA,NA,NA,NA,NA,NA
V227,-1.214223985,-0.93783038,-1.035156948,0.151069842,0,1,2,0,-1.663651372,-4.998801929,NA,NA,NA,NA,NA,NA,NA,NA,NA,NA,NA,NA,NA,NA,NA,NA,NA
V217,-0.418838899,0.329407741,-0.773089424,0.292348317,0,1,2,0,1.59209036,0.689309832,NA,NA,NA,3,0.87727946,4,0.336594504,NA,NA,NA,NA,NA,NA,NA,NA,NA,NA
V218,-0.711202691,0.466460654,-0.608353222,0.289648316,0,1,2,0,3.741285291,4.189133007,NA,NA,NA,3,3.830401361,NA,NA,NA,NA,NA,NA,NA,NA,NA,NA,NA,NA
V223,-0.533345356,0.091291622,-0.217584341,0.651315173,0,1,2,0,0.710511642,0.574338362,NA,NA,NA,3,0.849762394,4,2.0286157,NA,NA,NA,NA,NA,NA,NA,NA,NA,NA
V224,-0.232889157,-0.587297615,0.435827897,-0.265081346,0,1,2,0,-0.42731589,-3.921510352,NA,NA,NA,NA,NA,NA,NA,NA,NA,NA,NA,NA,NA,NA,NA,NA,NA
V219,-3.491871595,-2.473728493,-0.905800994,0.479516765,0,1,2,0,-6.67117935,-11.29813214,NA,NA,NA,NA,NA,NA,NA,NA,NA,NA,NA,NA,NA,NA,NA,NA,NA
V220,-0.249300322,-0.228878681,-0.508441723,0.067300547,0,1,2,0,0.11099646,-1.469581878,NA,NA,NA,3,-2.776131866,4,-2.183871617,NA,NA,NA,NA,NA,NA,NA,NA,NA,NA
V221,0.289916556,0.032421912,-0.085412842,-0.084898426,0,1,2,0,0.21762555,-1.560741245,NA,NA,NA,3,-1.055861919,4,-0.02750833,NA,NA,NA,NA,NA,NA,NA,NA,NA,NA
V222,-0.743200326,0.476010205,-0.807520434,0.801212831,0,1,2,0,3.985706428,4.262331835,NA,NA,NA,3,5.938613302,4,7.607776898,NA,NA,NA,NA,NA,NA,NA,NA,NA,NA
V143,0.120609326,-1.909580471,0.374045616,-3.082783138,NA,NA,NA,NA,NA,NA,0.735955249,0,1,NA,NA,NA,NA,NA,NA,NA,NA,NA,NA,NA,NA,NA,NA
V145,1.489634513,-0.57103744,0.00706189,-0.273567783,0,1,2,0,4.146760376,4.770343545,NA,NA,NA,3,5.902264378,4,4.132452241,5,6,3.214966248,1.565701727,NA,NA,NA,NA,NA,NA
V146,1.972501318,-1.275203597,0.375507303,-0.425825857,0,1,2,0,1.650550582,1.800376343,NA,NA,NA,3,0.959387986,4,-0.523336395,5,6,-3.155669174,-4.626480288,7,-7.006444735,NA,NA,NA,NA
V153,5.380564204,-3.101299431,2.888095573,-2.204881598,0,1,2,0,5.766847856,6.619801798,NA,NA,NA,3,-3.207821108,NA,NA,NA,NA,NA,NA,NA,NA,NA,NA,NA,NA
V154,2.484178927,-0.537686093,3.326586244,-2.668060284,0,1,2,0,3.994847305,5.21482675,NA,NA,NA,3,-2.771663781,NA,NA,NA,NA,NA,NA,NA,NA,NA,NA,NA,NA
V155,0.350248351,-0.436935305,-1.78100184,-0.387285652,0,1,2,0,4.600601631,5.5422573,NA,NA,NA,3,1.476932827,NA,NA,NA,NA,NA,NA,NA,NA,NA,NA,NA,NA
V156,-2.670430567,-1.995410768,-2.165419717,-1.578312631,NA,NA,NA,NA,NA,NA,-4.586834109,0,1,NA,NA,NA,NA,NA,NA,NA,NA,NA,NA,NA,NA,NA,NA
V211,0.532348829,-1.188020452,0.675679515,-2.854014382,NA,NA,NA,NA,NA,NA,-1.749518964,0,1,NA,NA,NA,NA,NA,NA,NA,NA,NA,NA,NA,NA,NA,NA
V103,-1.621836766,2.802755718,1.114205731,-1.924056702,NA,NA,NA,NA,NA,NA,-4.952652135,0,1,NA,NA,NA,NA,NA,NA,NA,NA,NA,NA,NA,NA,NA,NA
V104,-2.370041901,3.221564035,1.358579269,-2.54205399,NA,NA,NA,NA,NA,NA,-7.090609591,0,1,NA,NA,NA,NA,NA,NA,NA,NA,NA,NA,NA,NA,NA,NA
V105,-2.319482974,0.746373299,-0.286770192,-1.089018243,0,1,2,0,5.946262137,2.907450992,NA,NA,NA,NA,NA,NA,NA,NA,NA,NA,NA,NA,NA,NA,NA,NA,NA
V106,-1.09395762,0.204023769,-2.46248224,0.706771077,0,1,2,0,2.034792039,-2.397387318,NA,NA,NA,NA,NA,NA,NA,NA,NA,NA,NA,NA,NA,NA,NA,NA,NA
V107,-2.178564653,0.17084373,-0.362572497,-0.064912596,0,1,2,0,1.622973917,-2.673806062,NA,NA,NA,NA,NA,NA,NA,NA,NA,NA,NA,NA,NA,NA,NA,NA,NA
V212,1.076125078,0.096299763,-1.89965515,-1.595872828,0,1,2,0,3.409566286,-1.288361399,NA,NA,NA,NA,NA,NA,NA,NA,NA,NA,NA,NA,NA,NA,NA,NA,NA
V213,-0.144401073,-1.287676597,-0.062044711,-1.966238987,0,1,2,0,1.450510395,-2.343240154,NA,NA,NA,NA,NA,NA,NA,NA,NA,NA,NA,NA,NA,NA,NA,NA,NA
V214,-1.422024893,-0.5873879,1.815966469,-5.804956395,NA,NA,NA,NA,NA,NA,-3.167700153,0,1,NA,NA,NA,NA,NA,NA,NA,NA,NA,NA,NA,NA,NA,NA
V216,0.460855719,-1.1415739,-0.02116092,0.095928388,0,1,2,0,1.978230301,-0.236167521,NA,NA,NA,3,-2.34142455,NA,NA,NA,NA,NA,NA,NA,NA,NA,NA,NA,NA
V170,-1.676988702,-0.842679628,1.458846138,-1.511044547,0,1,2,0,2.149635858,-3.504431823,NA,NA,NA,NA,NA,NA,NA,NA,NA,NA,NA,NA,NA,NA,NA,NA,NA
V171,2.041432447,-0.834930782,-0.793019247,0.584909232,0,1,2,0,5.399913202,4.55234277,NA,NA,NA,NA,NA,NA,NA,NA,NA,NA,NA,NA,NA,NA,NA,NA,NA
V172,1.046353078,-0.174866009,-1.221096541,0.96390596,0,1,2,0,1.722258668,1.001578479,NA,NA,NA,NA,NA,NA,NA,NA,NA,NA,NA,NA,NA,NA,NA,NA,NA
V173,5.645630122,1.465505229,-0.301508058,2.218657232,NA,NA,NA,NA,NA,NA,4.53762052,0,1,NA,NA,NA,NA,NA,NA,NA,NA,NA,NA,NA,NA,NA,NA
V174,5.308257336,1.85514748,-0.867963931,2.67021408,NA,NA,NA,NA,NA,NA,6.734607705,0,1,NA,NA,NA,NA,NA,NA,NA,NA,NA,NA,NA,NA,NA,NA
V175,1.531424616,-0.843669165,-0.898420208,0.723677133,0,1,2,0,4.794809851,6.061995891,NA,NA,NA,NA,NA,NA,NA,NA,NA,NA,NA,NA,NA,NA,NA,NA,NA
V181,1.974957394,-0.054448432,0.160505141,-0.161583839,0,1,2,0,1.182539184,-0.535801109,NA,NA,NA,NA,NA,NA,NA,NA,NA,NA,NA,NA,NA,NA,NA,NA,NA
V182,2.458720132,-0.454542682,0.446959644,-0.340447319,0,1,2,0,1.335819134,-0.999723108,NA,NA,NA,NA,NA,NA,NA,NA,NA,NA,NA,NA,NA,NA,NA,NA,NA
V183,1.781408517,-0.224619121,0.744107187,-0.446028241,0,1,2,0,1.012039974,-0.732127823,NA,NA,NA,3,-5.109541203,NA,NA,NA,NA,NA,NA,NA,NA,NA,NA,NA,NA
V184,1.327574967,-0.329588642,0.72603809,-0.295099954,0,1,2,0,0.634510907,-0.19233186,NA,NA,NA,NA,NA,NA,NA,NA,NA,NA,NA,NA,NA,NA,NA,NA,NA
V185,2.453000485,-0.666768583,1.013015259,-0.809148941,0,1,2,0,1.925764286,0.605274087,NA,NA,NA,3,-3.548585467,NA,NA,NA,NA,NA,NA,NA,NA,NA,NA,NA,NA
V186,0.776892863,-0.326324068,-0.031055903,-0.159942145,0,1,2,0,1.161303338,2.491921458,NA,NA,NA,3,0.57476427,NA,NA,NA,NA,NA,NA,NA,NA,NA,NA,NA,NA
V188,2.359755699,0.293950707,-0.502592665,-0.079507158,0,1,2,0,4.832151155,7.563016856,NA,NA,NA,NA,NA,NA,NA,NA,NA,NA,NA,NA,NA,NA,NA,NA,NA
V189,3.026096424,-1.474668408,-2.020019523,1.678809116,NA,NA,NA,NA,NA,NA,2.687576131,0,1,NA,NA,NA,NA,NA,NA,NA,NA,NA,NA,NA,NA,NA,NA
V190,1.830314252,0.868723603,0.717314648,-0.474821145,0,1,2,0,3.349931704,5.441553605,NA,NA,NA,NA,NA,NA,NA,NA,NA,NA,NA,NA,NA,NA,NA,NA,NA
V191,0.79676176,0.549523248,0.422541769,-0.359208507,0,1,2,0,1.217217687,1.456999077,NA,NA,NA,NA,NA,NA,NA,NA,NA,NA,NA,NA,NA,NA,NA,NA,NA
V23,0.4728142,0.810255885,1.25590546,0.157953696,0,1,2,0,2.87699431,4.059946888,NA,NA,NA,3,3.656415283,4,-0.138921903,NA,NA,NA,NA,NA,NA,NA,NA,NA,NA
V56,0.336869364,-0.789810283,0.446185232,0.286917878,0,1,2,0,3.813160837,3.632034215,NA,NA,NA,3,2.825442263,4,-0.272529978,NA,NA,NA,NA,NA,NA,NA,NA,NA,NA
V55,0.407114962,1.487528104,1.410634347,1.145844918,0,1,2,0,2.850537966,2.686184539,NA,NA,NA,3,-1.35588638,NA,NA,NA,NA,NA,NA,NA,NA,NA,NA,NA,NA
V157,-0.417587544,0.413014027,0.311108174,-0.235551826,0,1,2,0,1.634713471,0.034597447,NA,NA,NA,3,-0.982673665,4,-2.88011616,NA,NA,NA,NA,NA,NA,NA,NA,NA,NA
V158,0.487459216,-0.331148131,0.051584298,1.080585699,0,1,2,0,2.234655994,3.935183378,NA,NA,NA,3,2.599629806,NA,NA,NA,NA,NA,NA,NA,NA,NA,NA,NA,NA
V159,-0.459035339,0.016078306,-0.002880013,0.730253,0,1,2,0,1.835449997,3.233847547,NA,NA,NA,3,2.637671142,4,2.752426812,5,NA,0.918658823,NA,NA,NA,NA,NA,NA,NA
V160,0.175830058,0.100845252,-0.006753177,0.13692821,0,1,2,0,2.27338872,3.470465704,NA,NA,NA,3,2.928228594,4,0.83295078,NA,NA,NA,NA,NA,NA,NA,NA,NA,NA
V164,-0.150404749,-0.046225493,0.223125466,0.022207761,0,1,2,0,1.273727238,1.51754517,NA,NA,NA,3,2.332665497,4,2.602202221,5,NA,1.315679896,NA,NA,NA,NA,NA,NA,NA
V59,-0.013879057,0.401121372,1.092992649,-0.584763828,0,1,2,0,2.619044013,3.612871287,NA,NA,NA,3,2.638980146,4,-0.456073476,NA,NA,NA,NA,NA,NA,NA,NA,NA,NA
V95,-1.065761991,-0.207458701,-0.180364525,0.620680806,0,1,2,0,-0.634452054,-3.649354365,NA,NA,NA,3,-5.435985124,NA,NA,NA,NA,NA,NA,NA,NA,NA,NA,NA,NA
V96,-0.365812632,0.433606744,-0.20486509,0.233706407,0,1,2,0,0.113170832,1.431942296,NA,NA,NA,3,1.631866471,4,0.989929029,5,NA,-0.31828498,NA,NA,NA,NA,NA,NA,NA
V97,-0.307667556,0.089754154,-0.445755988,0.028987856,0,1,2,0,-0.280586074,2.972939578,NA,NA,NA,3,3.130088245,4,1.884304988,5,NA,-0.606504668,NA,NA,NA,NA,NA,NA,NA
V98,0.202912207,-0.077945835,1.087768643,-0.053845414,0,1,2,0,1.456822833,1.230853418,NA,NA,NA,3,1.197220396,4,-0.022423715,5,NA,-2.275830012,NA,NA,NA,NA,NA,NA,NA
V99,-0.07204062,-0.845563133,1.078965253,-0.920352823,0,1,2,0,2.380599139,3.477925515,NA,NA,NA,3,3.245990001,4,1.291720952,NA,NA,NA,NA,NA,NA,NA,NA,NA,NA
V100,0.163942885,-0.486736543,0.334307424,-0.603181835,0,1,2,0,1.707045397,2.490987918,NA,NA,NA,3,2.095344341,4,1.873772269,5,6,-1.388184169,-2.13844718,NA,NA,NA,NA,NA,NA
V101,0.016607938,0.349348273,-0.004794734,0.395180105,0,1,2,0,1.313563498,0.622677383,NA,NA,NA,3,0.543219905,4,-1.395507903,NA,NA,NA,NA,NA,NA,NA,NA,NA,NA
V131,0.208915787,-0.503327011,-0.547055911,-0.008044742,0,1,2,0,3.040281683,3.628252655,NA,NA,NA,3,3.590665963,4,3.391426183,5,6,1.006472828,-0.487008528,NA,NA,NA,NA,NA,NA
V132,-1.984722556,-0.016132545,-0.643147203,0.868934146,0,1,2,0,2.625982874,4.382682655,NA,NA,NA,3,4.147468853,4,3.297931086,5,6,0.607967382,-1.824049013,7,-5.502868018,NA,NA,NA,NA
V134,0.277580568,-0.189082155,-0.673879092,0.065326369,0,1,2,0,1.643595518,2.437703003,NA,NA,NA,3,2.621462649,4,2.11177093,5,NA,-1.020406628,NA,NA,NA,NA,NA,NA,NA
V135,-1.451503418,-0.311966271,-0.323796806,0.555430709,0,1,2,0,2.306837803,2.100045332,NA,NA,NA,3,2.965758818,4,3.137441963,5,6,1.143134787,-1.215179739,7,-3.235167734,NA,NA,NA,NA
V136,0.874171676,0.02023785,-0.56359738,0.180103285,0,1,2,0,1.934471711,2.611114769,NA,NA,NA,3,2.037929741,4,0.430380507,NA,NA,NA,NA,NA,NA,NA,NA,NA,NA
V137,-0.278992379,-0.442675101,-0.459040495,0.232746439,0,1,2,0,2.381335865,2.362951766,NA,NA,NA,3,4.270505757,4,4.885873774,5,6,4.972105828,3.751153782,7,2.041174159,NA,NA,NA,NA
V138,-0.435635244,0.012223516,-0.366055984,0.958771389,0,1,2,0,1.514663393,2.93820498,NA,NA,NA,3,4.840800273,4,7.786501348,5,6,8.007465848,7.874017278,7,6.713131215,8,9,5.138151214,2.759274596
V141,0.402913574,-0.135787459,1.076304617,0.038211334,0,1,2,0,2.498388361,2.673448583,NA,NA,NA,3,2.98334255,4,1.244627894,NA,NA,NA,NA,NA,NA,NA,NA,NA,NA
V192,0.01818189,-0.710497919,-1.219308619,0.988874637,0,1,2,0,2.220558043,0.442929274,NA,NA,NA,3,-2.226976651,NA,NA,NA,NA,NA,NA,NA,NA,NA,NA,NA,NA
V194,-0.509268731,0.102680858,0.433088688,0.077248382,0,1,2,0,1.165340119,1.219010438,NA,NA,NA,3,3.434414057,4,2.993167421,5,6,2.134257677,-0.4534105,NA,NA,NA,NA,NA,NA
V197,1.295835012,-1.041488514,-1.540697933,1.490593195,0,1,2,0,3.492883588,3.507938769,NA,NA,NA,3,0.324134278,4,-3.268760928,NA,NA,NA,NA,NA,NA,NA,NA,NA,NA
V198,-1.292808719,-0.504416005,0.551563854,-1.31059698,0,1,2,0,-0.876358202,-2.643220268,NA,NA,NA,3,-4.349794792,4,-7.712377308,NA,NA,NA,NA,NA,NA,NA,NA,NA,NA
V200,-9.266604634,-3.511001472,9.759895002,-6.154809102,0,1,2,0,-16.78629015,-38.58274114,NA,NA,NA,NA,NA,NA,NA,NA,NA,NA,NA,NA,NA,NA,NA,NA,NA
V209,-0.385540567,-0.173623036,0.103907542,0.197365427,0,1,2,0,-1.437078426,-1.665255088,NA,NA,NA,3,-2.275526647,4,-2.173265193,5,NA,-4.299432506,NA,NA,NA,NA,NA,NA,NA
V210,-4.340683734,-2.405415399,1.295925214,-2.162857965,0,1,2,0,-5.552501309,-13.33277929,NA,NA,NA,NA,NA,NA,NA,NA,NA,NA,NA,NA,NA,NA,NA,NA,NA
V199,-1.015713239,-0.626363535,0.451869203,-0.751494786,0,1,2,0,-1.040109476,-3.003612193,NA,NA,NA,3,-4.075518019,NA,NA,NA,NA,NA,NA,NA,NA,NA,NA,NA,NA
V201,-4.198053388,-1.741865008,-0.10100916,-2.017004163,0,1,2,0,-3.68668233,-8.77040815,NA,NA,NA,NA,NA,NA,NA,NA,NA,NA,NA,NA,NA,NA,NA,NA,NA
V202,-7.678791426,-4.627690709,7.514600192,-3.782799232,0,1,2,0,-13.50650647,-26.60310462,NA,NA,NA,3,-43.48568849,NA,NA,NA,NA,NA,NA,NA,NA,NA,NA,NA,NA
V203,1.15750177,-0.124443798,2.722016488,-2.277219669,0,1,2,0,-1.170003356,-2.757437047,NA,NA,NA,3,-5.538614021,4,-7.069698393,5,6,-10.93140762,-15.95778726,7,-21.0783098,NA,NA,NA,NA
V204,1.236119671,-0.849559005,0.848603772,-1.364332836,0,1,2,0,-0.764383724,-1.315937564,NA,NA,NA,3,-3.894325723,4,-5.273803425,5,6,-9.87829861,-13.04239435,7,-16.599554,8,NA,-20.50237404,NA
V205,1.022596062,0.356142087,0.461645329,-1.399931776,0,1,2,0,2.509027904,3.753440615,NA,NA,NA,3,3.317651035,4,4.325975629,5,6,2.688277233,0.367364877,7,-1.457085371,8,9,-5.95300518,-9.169145185
V207,1.170411598,-1.918055274,5.493441933,-2.367363038,0,1,2,0,-5.260730729,-12.48551714,NA,NA,NA,3,-20.76925786,NA,NA,NA,NA,NA,NA,NA,NA,NA,NA,NA,NA
V206,0.310032434,0.300624281,0.238111487,-0.698272325,0,1,2,0,-1.166470123,-1.276585181,NA,NA,NA,3,-0.729097273,4,0.50823891,5,6,-0.184385505,-1.906405262,7,-1.478535053,8,9,-3.043363647,-4.081151326
V208,-3.131211284,-1.463600287,-0.367467111,-0.160158855,0,1,2,0,-4.150108647,-8.636905136,NA,NA,NA,3,-12.73437679,NA,NA,NA,NA,NA,NA,NA,NA,NA,NA,NA,NA
V195,-1.889467377,1.059185707,0.432735013,-0.201868414,0,1,2,0,2.657371663,6.239257424,NA,NA,NA,3,5.279045847,4,1.607821856,NA,NA,NA,NA,NA,NA,NA,NA,NA,NA
V196,-0.362024355,-0.041464273,0.491275607,-0.026175241,0,1,2,0,2.143823419,2.225088716,NA,NA,NA,3,3.027002693,4,1.20424325,5,NA,-0.790513274,NA,NA,NA,NA,NA,NA,NA
V25,-0.73049605,0.992215678,1.372428464,0.279198671,0,1,2,0,-4.112603269,-3.54354409,NA,NA,NA,NA,NA,NA,NA,NA,NA,NA,NA,NA,NA,NA,NA,NA,NA
V61,0.235674162,-0.171318732,-0.525828011,0.098471544,0,2.648490132,-3.062419194,0,1.427872165,2.580034557,NA,NA,NA,3,0.610905004,NA,NA,NA,NA,NA,NA,NA,NA,NA,NA,NA,NA
V62,1.32170641,-0.089616157,4.83707542,-2.839637365,0,0.51501942,0.133700948,0,-3.980365886,-0.981524518,NA,NA,NA,3,-26.36812026,NA,NA,NA,NA,NA,NA,NA,NA,NA,NA,NA,NA
V63,0.546328476,0.727244977,0.015250743,-0.148640019,0,4.17710366,2.028883567,0,0.699569944,3.661043006,NA,NA,NA,3,1.390791402,NA,NA,NA,NA,NA,NA,NA,NA,NA,NA,NA,NA
V64,-0.912510881,3.211788471,0.449714812,-1.066822771,NA,NA,NA,NA,NA,NA,-5.238878453,0,1,NA,NA,NA,NA,NA,NA,NA,NA,NA,NA,NA,NA,NA,NA
V65,-0.049631538,0.232861588,-0.131192018,0.138297005,0,-5.890124525,5.232148061,0,0.678446294,0.698119867,NA,NA,NA,3,3.995415941,NA,NA,NA,NA,NA,NA,NA,NA,NA,NA,NA,NA
V80,-2.066203914,-5.797876567,-0.167030013,-13.46529466,NA,NA,NA,NA,NA,NA,-21.35022095,0,1,NA,NA,NA,NA,NA,NA,NA,NA,NA,NA,NA,NA,NA,NA
V81,-1.160380814,0.288109922,-0.645890288,-1.051548403,NA,NA,NA,NA,NA,NA,-0.73574466,0,1,NA,NA,NA,NA,NA,NA,NA,NA,NA,NA,NA,NA,NA,NA
V147,0.744626157,-1.114833581,0.449296973,-0.450027623,0,2.039004047,2,0,-3.24742384,-5.343792807,NA,NA,NA,NA,NA,NA,NA,NA,NA,NA,NA,NA,NA,NA,NA,NA,NA
V150,1.119240237,0.236387233,0.944210655,-0.026721095,NA,NA,NA,NA,NA,NA,2.25248116,0,1,NA,NA,NA,NA,NA,NA,NA,NA,NA,NA,NA,NA,NA,NA
V151,1.680836462,-0.527235107,0.997792848,-1.762797262,0,1,2,0,2.484579366,-4.190254372,NA,NA,NA,NA,NA,NA,NA,NA,NA,NA,NA,NA,NA,NA,NA,NA,NA
V13,0.086266971,1.281509662,0.059385639,-0.894890135,NA,NA,NA,NA,NA,NA,-0.902955233,0,1,NA,NA,NA,NA,NA,NA,NA,NA,NA,NA,NA,NA,NA,NA
V14,-2.388261326,2.871545464,1.958310725,3.975668318,NA,NA,NA,NA,NA,NA,-7.518711408,0,1,NA,NA,NA,NA,NA,NA,NA,NA,NA,NA,NA,NA,NA,NA
V15,8.017624421,7.592667414,2.149099735,-3.453629163,NA,NA,NA,NA,NA,NA,15.2753217,0,1,NA,NA,NA,NA,NA,NA,NA,NA,NA,NA,NA,NA,NA,NA
V16,-2.530945069,-1.033244929,0.131056701,-3.940437377,NA,NA,NA,NA,NA,NA,-6.05991586,0,1,NA,NA,NA,NA,NA,NA,NA,NA,NA,NA,NA,NA,NA,NA
V17,0.158771665,2.021552114,0.115760646,0.354271694,NA,NA,NA,NA,NA,NA,2.101514215,0,1,NA,NA,NA,NA,NA,NA,NA,NA,NA,NA,NA,NA,NA,NA
V18,-0.580561208,1.443888817,-1.058298833,-0.043665563,NA,NA,NA,NA,NA,NA,2.074096535,0,1,NA,NA,NA,NA,NA,NA,NA,NA,NA,NA,NA,NA,NA,NA
V19,3.558975413,-2.81262162,2.484822497,-2.654436895,NA,NA,NA,NA,NA,NA,1.722695013,0,1,NA,NA,NA,NA,NA,NA,NA,NA,NA,NA,NA,NA,NA,NA
V20,0.697880246,0.444471312,-1.227488689,0.033626444,NA,NA,NA,NA,NA,NA,3.11156544,0,1,NA,NA,NA,NA,NA,NA,NA,NA,NA,NA,NA,NA,NA,NA
V21,1.010032464,-1.319416405,-0.230748991,-0.726590212,NA,NA,NA,NA,NA,NA,1.040218622,0,1,NA,NA,NA,NA,NA,NA,NA,NA,NA,NA,NA,NA,NA,NA
V22,0.726716047,2.71334311,0.715525997,0.250508549,NA,NA,NA,NA,NA,NA,4.584421444,0,1,NA,NA,NA,NA,NA,NA,NA,NA,NA,NA,NA,NA,NA,NA
V24,-6.040155944,5.387044188,-5.2692516,1.51779378,NA,NA,NA,NA,NA,NA,11.30188115,0,1,NA,NA,NA,NA,NA,NA,NA,NA,NA,NA,NA,NA,NA,NA
V37,0.99365025,1.184839275,2.509603378,-1.177920355,NA,NA,NA,NA,NA,NA,5.76700561,0,1,NA,NA,NA,NA,NA,NA,NA,NA,NA,NA,NA,NA,NA,NA
V38,0.422153009,1.957275727,1.8569993,-1.129571932,NA,NA,NA,NA,NA,NA,0.911219608,0,1,NA,NA,NA,NA,NA,NA,NA,NA,NA,NA,NA,NA,NA,NA
V39,1.306366977,-0.17856506,0.494388333,-1.573575494,NA,NA,NA,NA,NA,NA,3.897638083,0,1,NA,NA,NA,NA,NA,NA,NA,NA,NA,NA,NA,NA,NA,NA
V40,6.637620216,1.669609149,11.31367224,-3.197182582,NA,NA,NA,NA,NA,NA,-2.574497119,0,1,NA,NA,NA,NA,NA,NA,NA,NA,NA,NA,NA,NA,NA,NA
V41,-0.159570372,-0.021240157,3.785455678,0.263540933,NA,NA,NA,NA,NA,NA,6.343212432,0,1,NA,NA,NA,NA,NA,NA,NA,NA,NA,NA,NA,NA,NA,NA
V42,0.028612457,1.075033447,1.843054719,-2.572157824,NA,NA,NA,NA,NA,NA,-4.132368158,0,1,NA,NA,NA,NA,NA,NA,NA,NA,NA,NA,NA,NA,NA,NA
V43,4.380010223,2.448010204,5.179781285,-3.735804086,NA,NA,NA,NA,NA,NA,5.839846702,0,1,NA,NA,NA,NA,NA,NA,NA,NA,NA,NA,NA,NA,NA,NA
V66,-0.302483069,0.024710426,2.047755413,-5.634844286,NA,NA,NA,NA,NA,NA,-5.658397496,0,1,NA,NA,NA,NA,NA,NA,NA,NA,NA,NA,NA,NA,NA,NA
V148,2.327221609,-3.224539589,3.321040251,-0.759673795,NA,NA,NA,NA,NA,NA,-6.367810647,0,1,NA,NA,NA,NA,NA,NA,NA,NA,NA,NA,NA,NA,NA,NA
V149,1.003201288,-0.931190813,0.649689901,-2.021254019,NA,NA,NA,NA,NA,NA,-1.658883983,0,1,NA,NA,NA,NA,NA,NA,NA,NA,NA,NA,NA,NA,NA,NA
V176,0.235467101,0.750003382,-0.961571994,0,NA,NA,NA,NA,NA,NA,-0.870812985,0,1,NA,NA,NA,NA,NA,NA,NA,NA,NA,NA,NA,NA,NA,NA
V177,0.747768331,0.735786997,0,0,NA,NA,NA,NA,NA,NA,-0.039999858,0,1,NA,NA,NA,NA,NA,NA,NA,NA,NA,NA,NA,NA,NA,NA
V187,0.256781914,0,0,0,NA,NA,NA,NA,NA,NA,1.429262346,0,1,NA,NA,NA,NA,NA,NA,NA,NA,NA,NA,NA,NA,NA,NA
