Country Name,Country ABV,2010,2011,2012,2013,2014
Aruba,ABW,,,,,
Andorra,AND,,,,,
Afghanistan,AFG,,,,,
Angola,AGO,0,0,0,0,
Albania,ALB,0,0,0,0,
Arab World,ARB,0.285495773,0.281354226,0.250569602,0.337576029,
United Arab Emirates,ARE,0,0,0,0,
Argentina,ARG,1.772271142,1.663386207,2.041906571,2.123287179,
Armenia,ARM,0.107841627,0.040376851,0.049776008,0.051880674,
American Samoa,ASM,,,,,
Antigua and Barbuda,ATG,,,,,
Australia,AUS,3.27256005,3.727951542,4.406863745,5.257851631,7.405422612
Austria,AUT,9.74047959,10.64489193,10.77903559,12.96580362,14.58533019
Azerbaijan,AZE,0.005344735,0,0,0.295452599,
Burundi,BDI,,,,,
Belgium,BEL,6.593148756,9.191308646,12.35112861,13.62390852,16.90071688
Benin,BEN,0.666666667,0.64516129,0.613496933,0.578034682,
Burkina Faso,BFA,,,,,
Bangladesh,BGD,0,0,0,0.280904172,
Bulgaria,BGR,1.588543364,2.035063871,4.510616372,6.605679259,
Bahrain,BHR,0,0,0,0,
"Bahamas, The",BHS,,,,,
Bosnia and Herzegovina,BIH,0,0,0,0,
Belarus,BLR,0.243587907,0.298136646,0.327932725,0.406258927,
Belize,BLZ,,,,,
Bermuda,BMU,,,,,
Bolivia,BOL,1.755939206,1.703837097,1.605534526,0.731737567,
Brazil,BRA,6.528807841,6.570482382,7.300025512,8.244364218,
Barbados,BRB,,,,,
Brunei Darussalam,BRN,0,0.053691275,0.050890585,0.045433894,
Bhutan,BTN,,,,,
Botswana,BWA,0,0,0,0.114810563,
Central African Republic,CAF,,,,,
Canada,CAN,2.991463694,3.112049912,2.688460785,2.661366537,2.665857599
Central Europe and the Baltics,CEB,3.765859986,5.239680356,7.08870169,8.044362148,
Switzerland,CHE,2.118060287,2.558598098,2.855341116,3.290458542,3.253895509
Channel Islands,CHI,,,,,
Chile,CHL,4.267465334,7.625583979,7.545411535,8.653938274,9.820624878
China,CHN,1.672625666,2.22265865,2.73159793,3.563043014,
Cote d'Ivoire,CIV,1.156747695,1.049352353,0.940706956,0.898638826,
Cameroon,CMR,1.00016952,1.026417634,1.021874501,0.992845671,
"Congo, Rep.",COG,0,0,0,0,
Colombia,COL,4.133010232,3.343988198,3.221200892,3.14442074,
Comoros,COM,,,,,
Cabo Verde,CPV,,,,,
Costa Rica,CRI,17.53104456,18.65337673,20.74896796,21.37762579,
Caribbean small states,CSS,,,,,
Cuba,CUB,2.684370869,2.668918919,3.109398741,3.68861024,
Curacao,CUW,0,0,0,0,
Cayman Islands,CYM,,,,,
Cyprus,CYP,1.371664788,3.611280179,5.448378206,7.622377622,
Czech Republic,CZE,3.648659736,6.084503799,6.835402225,7.631151346,8.531139835
Germany,DEU,13.38306338,17.47317317,19.51250405,20.62055488,23.02088193
Djibouti,DJI,,,,,
Dominica,DMA,,,,,
Denmark,DNK,31.9283619,40.2055125,48.22457282,45.97542375,56.17614794
Dominican Republic,DOM,0.919585208,1.11348767,1.082391909,1.040723982,
Algeria,DZA,0,0,0,0,
East Asia & Pacific (excluding high income),EAP,1.936850832,2.404859592,2.838041407,3.588764488,
Early-demographic dividend,EAR,2.250122471,2.430516086,2.726076866,2.873279059,
East Asia & Pacific,EAS,2.238933773,2.621808554,2.992866002,3.689457982,
Europe & Central Asia (excluding high income),ECA,0.316569836,0.481940725,0.701300867,1.019159564,
Europe & Central Asia,ECS,5.9146411,7.191126922,8.402717051,9.527772947,
Ecuador,ECU,1.225075606,1.36779595,1.304328796,1.526290898,
"Egypt, Arab Rep.",EGY,1.160794572,1.109868747,0.910783383,0.910515621,
Euro area,EMU,10.01272043,12.30000896,14.43746154,15.94184739,
Eritrea,ERI,0.643086817,0.59347181,0.557103064,0.550964187,
Spain,ESP,18.59479753,19.52677741,22.5952739,25.74057828,25.86967871
Estonia,EST,7.844800987,8.911812611,11.99130943,8.994350282,10.79234973
Ethiopia,ETH,0.361445783,0.583964646,2.733964248,4.278013534,
European Union,EUU,9.077070999,11.20268703,13.23176424,14.9815909,
Fragile and conflict affected situations,FCS,0.05631851,0.054082571,0.05226825,0.050105237,
Finland,FIN,13.95366135,15.92928784,16.58972429,17.92536245,18.25317498
Fiji,FJI,,,,,
France,FRA,2.769322897,3.55756443,4.362352689,4.589629974,5.124091233
Faroe Islands,FRO,,,,,
"Micronesia, Fed. Sts.",FSM,,,,,
Gabon,GAB,0.458481915,0.437530384,0.409463148,0.416666667,
United Kingdom,GBR,5.869611158,7.908965654,9.968538802,13.7460141,17.6028587
Georgia,GEO,0,0,0,0,
Ghana,GHA,0,0,0,0.023308212,
Gibraltar,GIB,0,0,0,0,
Guinea,GIN,,,,,
"Gambia, The",GMB,,,,,
Guinea-Bissau,GNB,,,,,
Equatorial Guinea,GNQ,,,,,
Greece,GRC,5.337563408,6.983032515,9.458458804,14.01232622,15.9055085
Grenada,GRD,,,,,
Greenland,GRL,,,,,
Guatemala,GTM,20.56673788,18.95218386,19.51763706,20.25201613,
Guam,GUM,,,,,
Guyana,GUY,,,,,
High income,HIC,5.089037825,6.02475774,6.864814352,7.746428598,
"Hong Kong SAR, China",HKG,0.242269518,0.204561727,0.234270415,0.234963606,
Honduras,HND,2.360926664,9.996079969,13.29457364,12.83131038,
Heavily indebted poor countries (HIPC),HPC,1.088535989,1.484757647,2.001331358,2.254047248,
Croatia,HRV,1.22865919,2.392076247,4.088504089,4.900195107,
Haiti,HTI,0,0,0,0,
Hungary,HUN,7.578068556,6.901912879,7.02651187,8.505929376,9.587544387
IBRD only,IBD,2.072110225,2.431752803,2.866657665,3.422053831,
IDA & IBRD total,IBT,1.990702767,2.337017614,2.753145549,3.28769956,
IDA total,IDA,0.605307606,0.703078779,0.82028199,0.981701674,
IDA blend,IDB,0.138102305,0.156638549,0.160824838,0.188900731,
Indonesia,IDN,5.569857381,5.214749028,4.968464876,4.484438054,
IDA only,IDX,1.278878939,1.467727639,1.737665837,2.051782816,
Isle of Man,IMN,,,,,
India,IND,3.478093068,3.954730228,4.643608605,4.984918055,
Not classified,INX,,,,,
Ireland,IRL,11.01846966,17.17384974,16.26497225,19.50188152,21.67802549
"Iran, Islamic Rep.",IRN,0.074261995,0.099561762,0.090452894,0.085438157,
Iraq,IRQ,0,0,0,0,
Iceland,ISL,26.17386717,27.31973738,29.682603,28.9688673,28.95375786
Israel,ISR,0.237237801,0.455771712,0.715838928,0.965949851,1.524256706
Italy,ITA,8.651718863,12.35331684,16.93519633,20.57525121,22.03094056
Jamaica,JAM,4.166666667,5.245075584,6.828564559,7.436823105,
Jordan,JOR,0.081207282,0.075100703,0.054229935,0.052134623,
Japan,JPN,3.820492075,4.282444146,4.640463705,5.514747658,6.558476382
Kazakhstan,KAZ,0,0,0.003232167,0.006291419,
Kenya,KEN,22.72112524,22.3726628,22.13787192,24.84227129,
Kyrgyz Republic,KGZ,0,0,0,0,
Cambodia,KHM,2.3138833,2.184235518,1.60390516,0.787401575,
Kiribati,KIR,,,,,
St. Kitts and Nevis,KNA,,,,,
"Korea, Rep.",KOR,0.504108971,0.553981998,0.588395943,0.835485256,0.813801181
Kosovo,KSV,0.019349845,0,0,0,
Kuwait,KWT,0,0,0,0,
Latin America & Caribbean (excluding high income),LAC,4.444914006,4.367169003,4.892575974,5.256348657,
Lao PDR,LAO,,,,,
Lebanon,LBN,0,0,0,0,
Liberia,LBR,,,,,
Libya,LBY,0,0,0,0,
St. Lucia,LCA,,,,,
Latin America & Caribbean,LCN,4.357785358,4.438197507,4.932119936,5.323495843,
Least developed countries: UN classification,LDC,0.098746443,0.109886928,0.181771389,0.338848555,
Low income,LIC,,,,,
Liechtenstein,LIE,,,,,
Sri Lanka,LKA,0.953615406,1.226625493,1.579699185,2.337187058,
Lower middle income,LMC,2.966455545,3.177448429,3.526575792,3.753089955,
Low & middle income,LMY,1.921492677,2.232671413,2.622427017,3.167049222,
Lesotho,LSO,,,,,
Late-demographic dividend,LTE,1.903911168,2.350518554,2.793411851,3.481539599,
Lithuania,LTU,7.428914698,14.88459727,16.7807463,23.84907451,
Luxembourg,LUX,4.922600619,6.943396226,7.580703663,13.57490535,15.01068376
Latvia,LVA,1.735325185,3.117820807,6.518566564,10.01771622,
"Macao SAR, China",MAC,,,,,
St. Martin (French part),MAF,,,,,
Morocco,MAR,2.783879689,2.767335839,2.663252241,5.302731927,
Monaco,MCO,,,,,
Moldova,MDA,0,0,0,0.066800267,
Madagascar,MDG,,,,,
Maldives,MDV,,,,,
Middle East & North Africa,MEA,0.242716651,0.256147559,0.24560409,0.320130415,
Mexico,MEX,3.902232061,3.616180532,4.192784368,3.884825249,4.461670572
Marshall Islands,MHL,,,,,
Middle income,MIC,1.944454143,2.258393638,2.651288761,3.200747554,
"Macedonia, FYR",MKD,0,0.014795088,0.047908017,0.147686249,
Mali,MLI,,,,,
Malta,MLT,0,0.228728271,1.133391456,1.685891748,
Myanmar,MMR,0,0,0,0,
Middle East & North Africa (excluding high income),MNA,0.421382008,0.426654351,0.384357135,0.500061528,
Montenegro,MNE,0,0,0,0,
Mongolia,MNG,0,0,0,1.693227092,
Northern Mariana Islands,MNP,,,,,
Mozambique,MOZ,0,0,0,0,
Mauritania,MRT,,,,,
Mauritius,MUS,20.5652659,18.16184548,18.05505899,17.31301939,
Malawi,MWI,,,,,
Malaysia,MYS,0.80618018,0.817636821,0.644436341,0.925925926,
North America,NAC,3.961706795,4.573348191,5.120664551,5.830623448,
Namibia,NAM,0,0,0,0,
New Caledonia,NCL,,,,,
Niger,NER,1.023890785,0,0,0.902934537,
Nigeria,NGA,0,0,0,0,
Nicaragua,NIC,23.23039082,22.38493724,32.4237162,41.38842181,
Netherlands,NLD,9.391400034,10.85351604,12.1350178,11.99306072,11.2450857
Norway,NOR,0.997257339,1.305689642,1.299064401,1.697894461,1.706836526
Nepal,NPL,0,0,0,0,
Nauru,NRU,,,,,
New Zealand,NZL,18.08761922,19.55920387,20.11298158,20.98206029,23.22638433
OECD members,OED,5.36338117,6.33342167,7.246178601,8.182179129,
Oman,OMN,0,0,0,0,
Other small states,OSS,5.386211424,5.670182102,6.190130762,5.84651721,
Pakistan,PAK,0,0,0,0,
Panama,PAN,0.296535921,0.292732595,0.302114804,0.3683858,
Peru,PER,1.877960435,1.723478571,1.726427623,1.482557469,
Philippines,PHL,14.77960497,14.63657916,14.38543081,13.09223288,
Palau,PLW,,,,,
Papua New Guinea,PNG,,,,,
Poland,POL,5.072283865,6.624652092,9.178101675,8.919566583,11.14750374
Pre-demographic dividend,PRE,1.07738837,1.054962612,1.003758236,1.106869917,
Puerto Rico,PRI,,,,,
"Korea, Dem. People’s Rep.",PRK,0,0,0,0,
Portugal,PRT,22.731929,24.23489053,30.16499912,31.14932521,30.72651461
Paraguay,PRY,0,0,0,0,
Pacific island small states,PSS,,,,,
Post-demographic dividend,PST,5.281586383,6.233421434,7.135884595,8.109713275,
French Polynesia,PYF,,,,,
Qatar,QAT,0,0,0,0,
Romania,ROU,0.687903133,2.559718705,4.866097254,8.869755364,
Russian Federation,RUS,0.052600288,0.053371269,0.04928398,0.045953579,
Rwanda,RWA,,,,,
South Asia,SAS,2.999640342,3.437631506,4.041250612,4.365711246,
Saudi Arabia,SAU,0,0,0.00036808,0.000352092,
Sudan,SDN,0,0,0,0,
Senegal,SEN,2.503250975,2.538876547,1.420289855,1.697655618,
Singapore,SGP,1.305114638,1.328405261,1.358255982,1.544908682,
Solomon Islands,SLB,,,,,
Sierra Leone,SLE,,,,,
El Salvador,SLV,30.21390374,31.30599586,32.56051824,33.53898886,
San Marino,SMR,,,,,
Somalia,SOM,,,,,
Serbia,SRB,0,0,0.016587874,0.053534555,
Sub-Saharan Africa (excluding high income),SSA,0.663383575,0.653296456,0.70853595,0.873637691,
South Sudan,SSD,,,0.449438202,0.423728814,
Sub-Saharan Africa,SSF,0.662842811,0.652763914,0.707958379,0.872925536,
Small states,SST,4.551915609,4.812559931,5.28708914,5.020148037,
Sao Tome and Principe,STP,,,,,
Suriname,SUR,,,,,
Slovak Republic,SVK,2.494174192,4.316317873,4.839734538,5.278108999,5.298887422
Slovenia,SVN,1.415558838,2.004650286,2.766874718,3.045653137,3.03030303
Sweden,SWE,10.57725987,11.73013697,11.64291379,13.93639197,13.20486618
Swaziland,SWZ,,,,,
Sint Maarten (Dutch part),SXM,,,,,
Seychelles,SYC,,,,,
Syrian Arab Republic,SYR,0,0,0,0,
Turks and Caicos Islands,TCA,,,,,
Chad,TCD,,,,,
East Asia & Pacific (IDA & IBRD countries),TEA,1.945551429,2.413489618,2.847649185,3.600147862,
Europe & Central Asia (IDA & IBRD countries),TEC,0.687569791,0.968958277,1.362268573,1.652544464,
Togo,TGO,2.234636872,3.90625,4.504504505,4.504504505,
Thailand,THA,2.138889934,2.814905988,3.144179133,5.04444592,
Tajikistan,TJK,0,0,0,0,
Turkmenistan,TKM,0,0,0,0,
Latin America & the Caribbean (IDA & IBRD countries),TLA,4.465493022,4.547863454,5.050871212,5.447547693,
Middle East & North Africa (IDA & IBRD countries),TMN,0.42422752,0.429535466,0.386952625,0.503438347,
Timor-Leste,TLS,,,,,
Tonga,TON,,,,,
South Asia (IDA & IBRD),TSA,2.999640342,3.437631506,4.041250612,4.365711246,
Sub-Saharan Africa (IDA & IBRD countries),TSS,0.662842811,0.652763914,0.707958379,0.872925536,
Trinidad and Tobago,TTO,0,0,0,0,
Tunisia,TUN,0.855118495,0.672849609,1.112895189,2.007507753,
Turkey,TUR,1.854096436,2.510974616,3.069362328,4.080714875,4.639527223
Tuvalu,TUV,,,,,
Tanzania,TZA,0.474023512,0.667582957,0.57255323,0.645855759,
Uganda,UGA,,,,,
Ukraine,UKR,0.126733975,0.129778863,0.380615337,0.676282614,
Upper middle income,UMC,1.672773224,2.015446313,2.420320255,3.056502504,
Uruguay,URY,8.804001819,9.40641918,10.58790224,10.51277654,
United States,USA,4.097116565,4.789391269,5.483740524,6.315398319,6.858441618
Uzbekistan,UZB,0,0,0,0,
St. Vincent and the Grenadines,VCT,,,,,
"Venezuela, RB",VEN,0,0,0,0,
British Virgin Islands,VGB,,,,,
Virgin Islands (U.S.),VIR,,,,,
Vietnam,VNM,0.110639284,0.135774102,0.120307787,0.114148062,
Vanuatu,VUT,,,,,
West Bank and Gaza,PSE,,,,,
Samoa,WSM,,,,,
"Yemen, Rep.",YEM,0,0,0,0,
South Africa,ZAF,0.124294754,0.125974666,0.144755269,0.228285254,
"Congo, Dem. Rep.",COD,0,0,0,0,
Zambia,ZMB,0,0,0,0,
Zimbabwe,ZWE,0.613425926,0.567375887,0.52608505,0.495623748,
