"","","","R_squared","P_Values"
"1","V9_1_Ref","V19_1_Ref","0.779220779220779","2.23186192723212e-17"
"2","V9_1_Ref","V49_1_Ref","0.702597402597403","2.05605949613607e-14"
"3","V9_1_Ref","V146_1_Ref","0.722962038779502","3.65100613692883e-15"
"4","V9_1_Ref","V153_1_Ref","0.753736351448104","2.42899370115791e-16"
"5","V9_1_Ref","V153_4","-0.707792207792208","1.32271958330325e-14"
"6","V9_3","V19_1_Ref","-0.75154274830897","2.90173203422351e-16"
"7","V9_3","V146_1_Ref","-0.718648473034438","5.40610404533312e-15"
"8","V9_3","V153_1_Ref","-0.735131660531658","1.3065020609366e-15"
"9","V9_4","V19_1_Ref","-0.712569053496059","8.95492498898968e-15"
"10","V9_4","V146_1_Ref","-0.701754385964912","2.28786026573671e-14"
"11","V9_4","V153_4","0.703475191373047","1.94320425256373e-14"
"12","V19_1_Ref","V9_1_Ref","0.779220779220779","2.23186192723212e-17"
"13","V19_1_Ref","V9_3","-0.75154274830897","2.90173203422351e-16"
"14","V19_1_Ref","V9_4","-0.712569053496059","8.95492498898968e-15"
"15","V19_1_Ref","V146_1_Ref","0.708671684014768","1.24959783993893e-14"
"16","V19_1_Ref","V153_1_Ref","0.709551806708043","1.18045369465804e-14"
"17","V26_0","V27_0","0.821312713991727","4.11582421781262e-19"
"18","V26_0","V27_1_Ref","-0.705194805194805","1.64976692586658e-14"
"19","V26_0","V27_2","-0.704774314533477","1.74064240655123e-14"
"20","V26_0","V31_0","0.745454545454545","4.91700095374599e-16"
"21","V26_1_Ref","V27_0","-0.777128169251666","2.834400857134e-17"
"22","V26_1_Ref","V27_1_Ref","0.85974025974026","8.17103426661692e-21"
"23","V26_1_Ref","V30_0","-0.74025974025974","7.81961613584593e-16"
"24","V26_1_Ref","V30_1_Ref","0.758934533182229","1.5152983815979e-16"
"25","V26_1_Ref","V31_0","-0.738961038961039","8.77693428160104e-16"
"26","V26_1_Ref","V31_1_Ref","0.738961038961039","8.77693428160104e-16"
"27","V26_1_Ref","V32_1_Ref","0.745454545454545","4.91700095374599e-16"
"28","V26_1_Ref","V34_0","-0.714285714285714","7.58726899686929e-15"
"29","V26_1_Ref","V34_1_Ref","0.768031351216948","6.58533276671068e-17"
"30","V26_2","V27_2","0.726445743989603","2.74686774533941e-15"
"31","V27_0","V26_0","0.821312713991727","4.11582421781262e-19"
"32","V27_0","V26_1_Ref","-0.777128169251666","2.834400857134e-17"
"33","V27_0","V30_0","0.766731805783416","7.42228309742007e-17"
"34","V27_0","V30_1_Ref","-0.728868660598179","2.30920964316781e-15"
"35","V27_0","V31_0","0.782326350985791","1.74328130132068e-17"
"36","V27_0","V31_1_Ref","-0.714749988442168","7.56402932828039e-15"
"37","V27_1_Ref","V26_0","-0.705194805194805","1.64976692586658e-14"
"38","V27_1_Ref","V26_1_Ref","0.85974025974026","8.17103426661692e-21"
"39","V27_1_Ref","V30_0","-0.758441558441558","1.5205392536556e-16"
"40","V27_1_Ref","V30_1_Ref","0.796621350754634","4.50599766898312e-18"
"41","V27_1_Ref","V31_0","-0.702597402597403","2.05605949613607e-14"
"42","V27_1_Ref","V31_1_Ref","0.725974025974026","2.75557899224568e-15"
"43","V27_1_Ref","V32_1_Ref","0.703896103896104","1.84192460123084e-14"
"44","V27_1_Ref","V33_0","-0.71038961038961","1.05967140217932e-14"
"45","V27_1_Ref","V33_1_Ref","0.703054079540387","2.04996281445022e-14"
"46","V27_1_Ref","V34_1_Ref","0.751137260581042","3.07168680803662e-16"
"47","V27_2","V26_0","-0.704774314533477","1.74064240655123e-14"
"48","V27_2","V26_2","0.726445743989603","2.74686774533941e-15"
"49","V30_0","V26_1_Ref","-0.74025974025974","7.81961613584593e-16"
"50","V30_0","V27_0","0.766731805783416","7.42228309742007e-17"
"51","V30_0","V27_1_Ref","-0.758441558441558","1.5205392536556e-16"
"52","V30_0","V31_0","0.803896103896104","2.14094687773208e-18"
"53","V30_0","V31_1_Ref","-0.725974025974026","2.75557899224568e-15"
"54","V30_0","V32_0","0.766233766233766","7.44847795506337e-17"
"55","V30_0","V32_1_Ref","-0.724675324675325","3.08623893674702e-15"
"56","V30_0","V33_0","0.793506493506493","5.79473642183741e-18"
"57","V30_0","V34_0","0.797402597402597","3.99499326554112e-18"
"58","V30_0","V34_1_Ref","-0.726445897343949","2.74686492029201e-15"
"59","V30_1_Ref","V26_1_Ref","0.758934533182229","1.5152983815979e-16"
"60","V30_1_Ref","V27_0","-0.728868660598179","2.30920964316781e-15"
"61","V30_1_Ref","V27_1_Ref","0.796621350754634","4.50599766898312e-18"
"62","V30_1_Ref","V31_0","-0.72774544277748","2.45205534826842e-15"
"63","V30_1_Ref","V31_1_Ref","0.790123623586978","8.35904293153612e-18"
"64","V30_1_Ref","V32_0","-0.732943624511605","1.5539854835651e-15"
"65","V30_1_Ref","V32_1_Ref","0.808317259656415","1.46329874260052e-18"
"66","V30_1_Ref","V33_0","-0.748538169713979","3.88137081979634e-16"
"67","V30_1_Ref","V33_1_Ref","0.784135240572172","1.53739101065053e-17"
"68","V30_1_Ref","V34_0","-0.714749988442168","7.56402932828039e-15"
"69","V30_1_Ref","V34_1_Ref","0.788686605981795","1.00146232731759e-17"
"70","V31_0","V26_0","0.745454545454545","4.91700095374599e-16"
"71","V31_0","V26_1_Ref","-0.738961038961039","8.77693428160104e-16"
"72","V31_0","V27_0","0.782326350985791","1.74328130132068e-17"
"73","V31_0","V27_1_Ref","-0.702597402597403","2.05605949613607e-14"
"74","V31_0","V30_0","0.803896103896104","2.14094687773208e-18"
"75","V31_0","V30_1_Ref","-0.72774544277748","2.45205534826842e-15"
"76","V31_0","V32_0","0.816883116883117","6.05837650168316e-19"
"77","V31_0","V32_1_Ref","-0.731168831168831","1.74779742259369e-15"
"78","V31_0","V33_0","0.714285714285714","7.58726899686929e-15"
"79","V31_0","V34_0","0.728571428571429","2.19544720312687e-15"
"80","V31_1_Ref","V26_1_Ref","0.738961038961039","8.77693428160104e-16"
"81","V31_1_Ref","V27_0","-0.714749988442168","7.56402932828039e-15"
"82","V31_1_Ref","V27_1_Ref","0.725974025974026","2.75557899224568e-15"
"83","V31_1_Ref","V30_0","-0.725974025974026","2.75557899224568e-15"
"84","V31_1_Ref","V30_1_Ref","0.790123623586978","8.35904293153612e-18"
"85","V31_1_Ref","V32_0","-0.746753246753247","4.37638090587054e-16"
"86","V31_1_Ref","V32_1_Ref","0.803896103896104","2.14094687773208e-18"
"87","V31_1_Ref","V33_1_Ref","0.708252261274512","1.31874021355872e-14"
"88","V31_1_Ref","V34_1_Ref","0.72774544277748","2.45205534826842e-15"
"89","V32_0","V30_0","0.766233766233766","7.44847795506337e-17"
"90","V32_0","V30_1_Ref","-0.732943624511605","1.5539854835651e-15"
"91","V32_0","V31_0","0.816883116883117","6.05837650168316e-19"
"92","V32_0","V31_1_Ref","-0.746753246753247","4.37638090587054e-16"
"93","V32_0","V33_0","0.715584415584416","6.7850437526519e-15"
"94","V32_1_Ref","V26_1_Ref","0.745454545454545","4.91700095374599e-16"
"95","V32_1_Ref","V27_1_Ref","0.703896103896104","1.84192460123084e-14"
"96","V32_1_Ref","V30_0","-0.724675324675325","3.08623893674702e-15"
"97","V32_1_Ref","V30_1_Ref","0.808317259656415","1.46329874260052e-18"
"98","V32_1_Ref","V31_0","-0.731168831168831","1.74779742259369e-15"
"99","V32_1_Ref","V31_1_Ref","0.803896103896104","2.14094687773208e-18"
"100","V32_1_Ref","V33_1_Ref","0.72774544277748","2.45205534826842e-15"
"101","V32_1_Ref","V34_1_Ref","0.725146351910418","3.07651352082237e-15"
"102","V33_0","V27_1_Ref","-0.71038961038961","1.05967140217932e-14"
"103","V33_0","V30_0","0.793506493506493","5.79473642183741e-18"
"104","V33_0","V30_1_Ref","-0.748538169713979","3.88137081979634e-16"
"105","V33_0","V31_0","0.714285714285714","7.58726899686929e-15"
"106","V33_0","V32_0","0.715584415584416","6.7850437526519e-15"
"107","V33_0","V34_0","0.725974025974026","2.75557899224568e-15"
"108","V33_1_Ref","V27_1_Ref","0.703054079540387","2.04996281445022e-14"
"109","V33_1_Ref","V30_1_Ref","0.784135240572172","1.53739101065053e-17"
"110","V33_1_Ref","V31_1_Ref","0.708252261274512","1.31874021355872e-14"
"111","V33_1_Ref","V32_1_Ref","0.72774544277748","2.45205534826842e-15"
"112","V33_1_Ref","V34_1_Ref","0.734720416124837","1.38136692672316e-15"
"113","V34_0","V26_1_Ref","-0.714285714285714","7.58726899686929e-15"
"114","V34_0","V30_0","0.797402597402597","3.99499326554112e-18"
"115","V34_0","V30_1_Ref","-0.714749988442168","7.56402932828039e-15"
"116","V34_0","V31_0","0.728571428571429","2.19544720312687e-15"
"117","V34_0","V33_0","0.725974025974026","2.75557899224568e-15"
"118","V34_1_Ref","V26_1_Ref","0.768031351216948","6.58533276671068e-17"
"119","V34_1_Ref","V27_1_Ref","0.751137260581042","3.07168680803662e-16"
"120","V34_1_Ref","V30_0","-0.726445897343949","2.74686492029201e-15"
"121","V34_1_Ref","V30_1_Ref","0.788686605981795","1.00146232731759e-17"
"122","V34_1_Ref","V31_1_Ref","0.72774544277748","2.45205534826842e-15"
"123","V34_1_Ref","V32_1_Ref","0.725146351910418","3.07651352082237e-15"
"124","V34_1_Ref","V33_1_Ref","0.734720416124837","1.38136692672316e-15"
"125","V37_1_Ref","V41_1_Ref","0.779220779220779","2.23186192723212e-17"
"126","V37_1_Ref","V44_1_Ref","0.741149763025528","7.36815475501235e-16"
"127","V40_1_Ref","V203_Very Low_Ref","0.728571428571429","2.19544720312687e-15"
"128","V40_1_Ref","V203_ Very High","-0.711269930335629","1.00088345635059e-14"
"129","V41_1_Ref","V37_1_Ref","0.779220779220779","2.23186192723212e-17"
"130","V41_1_Ref","V43_1_Ref","0.701298701298701","2.29463749000344e-14"
"131","V43_1_Ref","V41_1_Ref","0.701298701298701","2.29463749000344e-14"
"132","V44_1_Ref","V37_1_Ref","0.741149763025528","7.36815475501235e-16"
"133","V75_1_Ref","V76_1_Ref","0.700876945052186","2.42035993695812e-14"
"134","V76_1_Ref","V75_1_Ref","0.700876945052186","2.42035993695812e-14"
"135","V45_1_Ref","V51_1_Ref","0.709090909090909","1.18402867680148e-14"
"136","V45_1_Ref","V53_1_Ref","0.727272727272727","2.45986166077624e-15"
"137","V49_1_Ref","V9_1_Ref","0.702597402597403","2.05605949613607e-14"
"138","V51_1_Ref","V45_1_Ref","0.709090909090909","1.18402867680148e-14"
"139","V51_1_Ref","V52_1_Ref","0.720779220779221","4.33078503979007e-15"
"140","V51_1_Ref","V53_1_Ref","0.846753246753247","3.08201801239168e-20"
"141","V51_2","V53_2","0.759337487271553","1.43066143194072e-16"
"142","V51_3","V53_3","0.786619073640591","1.13852138124162e-17"
"143","V51_4","V53_4","0.820779220779221","4.13246691416343e-19"
"144","V52_1_Ref","V51_1_Ref","0.720779220779221","4.33078503979007e-15"
"145","V52_1_Ref","V53_1_Ref","0.754545454545455","2.16674124729248e-16"
"146","V53_1_Ref","V45_1_Ref","0.727272727272727","2.45986166077624e-15"
"147","V53_1_Ref","V51_1_Ref","0.846753246753247","3.08201801239168e-20"
"148","V53_1_Ref","V52_1_Ref","0.754545454545455","2.16674124729248e-16"
"149","V53_2","V51_2","0.759337487271553","1.43066143194072e-16"
"150","V53_3","V51_3","0.786619073640591","1.13852138124162e-17"
"151","V53_4","V51_4","0.820779220779221","4.13246691416343e-19"
"152","V85_3","V86_3","0.709824333116461","1.23771778898534e-14"
"153","V85_3","V87_3","0.765777488614183","8.79548961954234e-17"
"154","V86_3","V85_3","0.709824333116461","1.23771778898534e-14"
"155","V87_2","V88_2","0.825634352635003","2.95590941144974e-19"
"156","V87_3","V85_3","0.765777488614183","8.79548961954234e-17"
"157","V87_3","V88_3","0.768379960962915","6.9260313480511e-17"
"158","V87_3","V89_3","0.70477353760254","2.31199642706081e-14"
"159","V88_2","V87_2","0.825634352635003","2.95590941144974e-19"
"160","V88_3","V87_3","0.768379960962915","6.9260313480511e-17"
"161","V88_3","V89_3","0.737432181606365","1.39811341726341e-15"
"162","V89_3","V87_3","0.70477353760254","2.31199642706081e-14"
"163","V89_3","V88_3","0.737432181606365","1.39811341726341e-15"
"164","V110_1_Ref","V111_1_Ref","0.791815566282312","6.96125594001232e-18"
"165","V110_2","V111_2","0.768831168831169","5.86236122772942e-17"
"166","V110_3","V111_3","0.751948051948052","2.74106109689868e-16"
"167","V110_4","V111_4","0.800909428405325","2.92075097741247e-18"
"168","V111_1_Ref","V110_1_Ref","0.791815566282312","6.96125594001232e-18"
"169","V111_2","V110_2","0.768831168831169","5.86236122772942e-17"
"170","V111_3","V110_3","0.751948051948052","2.74106109689868e-16"
"171","V111_4","V110_4","0.800909428405325","2.92075097741247e-18"
"172","V115_1_Ref","V117_1_Ref","0.711688311688312","9.48188662286632e-15"
"173","V115_3","V117_3","0.733831692962194","1.46517653580031e-15"
"174","V115_4","V116_4","0.741558441558442","6.96534250028884e-16"
"175","V115_4","V117_4","0.745047132506819","5.2028037561486e-16"
"176","V116_1_Ref","V117_1_Ref","0.785714285714286","1.21270545286552e-17"
"177","V116_2","V117_2","0.723376623376623","3.45589652680322e-15"
"178","V116_4","V115_4","0.741558441558442","6.96534250028884e-16"
"179","V116_4","V117_4","0.810003290528337","1.21367221986544e-18"
"180","V117_1_Ref","V115_1_Ref","0.711688311688312","9.48188662286632e-15"
"181","V117_1_Ref","V116_1_Ref","0.785714285714286","1.21270545286552e-17"
"182","V117_2","V116_2","0.723376623376623","3.45589652680322e-15"
"183","V117_3","V115_3","0.733831692962194","1.46517653580031e-15"
"184","V117_4","V115_4","0.745047132506819","5.2028037561486e-16"
"185","V117_4","V116_4","0.810003290528337","1.21367221986544e-18"
"186","V122_1_Ref","V123_1_Ref","0.788823911630929","9.45307515795254e-18"
"187","V122_2","V123_2","0.771428571428571","4.61036279287749e-17"
"188","V122_3","V123_3","0.749350649350649","3.46487889942494e-16"
"189","V122_4","V123_4","0.789217319961451","8.90606310556942e-18"
"190","V122_4","V124_4","0.75154274830897","2.90173203422351e-16"
"191","V123_1_Ref","V122_1_Ref","0.788823911630929","9.45307515795254e-18"
"192","V123_2","V122_2","0.771428571428571","4.61036279287749e-17"
"193","V123_3","V122_3","0.749350649350649","3.46487889942494e-16"
"194","V123_4","V122_4","0.789217319961451","8.90606310556942e-18"
"195","V123_4","V124_4","0.738141650422352","9.81738066112566e-16"
"196","V124_4","V122_4","0.75154274830897","2.90173203422351e-16"
"197","V124_4","V123_4","0.738141650422352","9.81738066112566e-16"
"198","V222_1_Ref","V223_1_Ref","0.781392322706571","2.07236753716278e-17"
"199","V222_2","V223_2","0.70595900844663","1.81380178631957e-14"
"200","V222_4","V223_4","0.723778655217293","4.01746334978263e-15"
"201","V222_5","V223_5","0.786597267404034","1.27192234682082e-17"
"202","V223_1_Ref","V222_1_Ref","0.781392322706571","2.07236753716278e-17"
"203","V223_1_Ref","V225_3","0.731232066753467","1.83961886976026e-15"
"204","V223_2","V222_2","0.70595900844663","1.81380178631957e-14"
"205","V223_4","V222_4","0.723778655217293","4.01746334978263e-15"
"206","V223_5","V222_5","0.786597267404034","1.27192234682082e-17"
"207","V223_5","V225_1_Ref","0.711732544973374","9.96833841190596e-15"
"208","V225_1_Ref","V223_5","0.711732544973374","9.96833841190596e-15"
"209","V225_3","V223_1_Ref","0.731232066753467","1.83961886976026e-15"
"210","V226_1_Ref","V227_1_Ref","0.794413812603173","5.43684140525855e-18"
"211","V226_2","V227_2","0.739850639865097","8.27106426216294e-16"
"212","V226_3","V227_3","0.774926965196717","3.40447277259977e-17"
"213","V227_1_Ref","V226_1_Ref","0.794413812603173","5.43684140525855e-18"
"214","V227_2","V226_2","0.739850639865097","8.27106426216294e-16"
"215","V227_3","V226_3","0.774926965196717","3.40447277259977e-17"
"216","V146_1_Ref","V9_1_Ref","0.722962038779502","3.65100613692883e-15"
"217","V146_1_Ref","V9_3","-0.718648473034438","5.40610404533312e-15"
"218","V146_1_Ref","V9_4","-0.701754385964912","2.28786026573671e-14"
"219","V146_1_Ref","V19_1_Ref","0.708671684014768","1.24959783993893e-14"
"220","V146_1_Ref","V153_1_Ref","0.700032536156141","2.69249737720429e-14"
"221","V150_3","V151_3","1","4.37607785554014e-14"
"222","V150_4","V151_4","1","1.20529825844464e-13"
"223","V151_3","V150_3","1","4.37607785554014e-14"
"224","V151_4","V150_4","1","1.20529825844464e-13"
"225","V153_1_Ref","V9_1_Ref","0.753736351448104","2.42899370115791e-16"
"226","V153_1_Ref","V9_3","-0.735131660531658","1.3065020609366e-15"
"227","V153_1_Ref","V19_1_Ref","0.709551806708043","1.18045369465804e-14"
"228","V153_1_Ref","V146_1_Ref","0.700032536156141","2.69249737720429e-14"
"229","V153_4","V9_1_Ref","-0.707792207792208","1.32271958330325e-14"
"230","V153_4","V9_4","0.703475191373047","1.94320425256373e-14"
"231","V106_2","V107_2","0.706493506493507","1.47736533975171e-14"
"232","V106_3","V107_3","0.754140994629831","2.29417317094532e-16"
"233","V106_4","V107_4","0.732467532467532","1.55900270808093e-15"
"234","V107_2","V106_2","0.706493506493507","1.47736533975171e-14"
"235","V107_3","V106_3","0.754140994629831","2.29417317094532e-16"
"236","V107_4","V106_4","0.732467532467532","1.55900270808093e-15"
"237","V212_2","V213_2","0.726859408260793","2.5994621772963e-15"
"238","V213_2","V212_2","0.726859408260793","2.5994621772963e-15"
"239","V213_2","V214_2","0.771029595715426","4.88739712242295e-17"
"240","V214_2","V213_2","0.771029595715426","4.88739712242295e-17"
"241","V243_1_Ref","V244_1_Ref","0.918600899034736","2.83358996495683e-23"
"242","V244_1_Ref","V243_1_Ref","0.918600899034736","2.83358996495683e-23"
"243","V179_1_Ref","V180_1_Ref","0.755844155844156","1.92585168856696e-16"
"244","V180_1_Ref","V179_1_Ref","0.755844155844156","1.92585168856696e-16"
"245","V181_1_Ref","V182_1_Ref","0.798701298701299","3.52781204188623e-18"
"246","V181_4","V182_4","0.803507674726185","2.27485485621957e-18"
"247","V182_1_Ref","V181_1_Ref","0.798701298701299","3.52781204188623e-18"
"248","V182_4","V181_4","0.803507674726185","2.27485485621957e-18"
"249","V183_1_Ref","V184_1_Ref","0.887012987012987","4.71584921425613e-22"
"250","V183_1_Ref","V184_3","-0.764935064935065","8.39337417522962e-17"
"251","V183_1_Ref","V185_1_Ref","0.800909428405325","2.92075097741247e-18"
"252","V183_2","V184_2","0.707372560854338","1.39583945870471e-14"
"253","V183_3","V184_1_Ref","-0.727272727272727","2.45986166077624e-15"
"254","V183_3","V184_3","0.838961038961039","6.77096704315715e-20"
"255","V183_3","V185_3","0.703896103896104","1.84192460123084e-14"
"256","V183_4","V184_4","0.831168831168831","1.47698961262382e-19"
"257","V183_4","V185_4","0.767532467532468","6.60865177164565e-17"
"258","V184_1_Ref","V183_1_Ref","0.887012987012987","4.71584921425613e-22"
"259","V184_1_Ref","V183_3","-0.727272727272727","2.45986166077624e-15"
"260","V184_1_Ref","V185_1_Ref","0.777525211517578","2.67261532150859e-17"
"261","V184_2","V183_2","0.707372560854338","1.39583945870471e-14"
"262","V184_3","V183_1_Ref","-0.764935064935065","8.39337417522962e-17"
"263","V184_3","V183_3","0.838961038961039","6.77096704315715e-20"
"264","V184_4","V183_4","0.831168831168831","1.47698961262382e-19"
"265","V184_4","V185_4","0.733766233766234","1.39032753353773e-15"
"266","V185_1_Ref","V183_1_Ref","0.800909428405325","2.92075097741247e-18"
"267","V185_1_Ref","V184_1_Ref","0.777525211517578","2.67261532150859e-17"
"268","V185_3","V183_3","0.703896103896104","1.84192460123084e-14"
"269","V185_4","V183_4","0.767532467532468","6.60865177164565e-17"
"270","V185_4","V184_4","0.733766233766234","1.39032753353773e-15"
"271","V188_3","V190_3","0.722962038779502","3.65100613692883e-15"
"272","V188_4","V190_4","0.72987012987013","1.95906931596542e-15"
"273","V190_3","V188_3","0.722962038779502","3.65100613692883e-15"
"274","V190_4","V188_4","0.72987012987013","1.95906931596542e-15"
"275","V99_Low","V100_Low","0.756739240950692","1.81239447006112e-16"
"276","V100_Low","V99_Low","0.756739240950692","1.81239447006112e-16"
"277","V200_Med","V202_Med","0.701754534106856","2.28785806766147e-14"
"278","V202_Med","V200_Med","0.701754534106856","2.28785806766147e-14"
"279","V203_Very Low_Ref","V40_1_Ref","0.728571428571429","2.19544720312687e-15"
"280","V203_ Very High","V40_1_Ref","-0.711269930335629","1.00088345635059e-14"
"281","V204_ Very High","V205_ Very High","0.707792207792208","1.32271958330325e-14"
"282","V205_ Very High","V204_ Very High","0.707792207792208","1.32271958330325e-14"
"283","V205_ Very High","V206_ Very High","0.719747607928353","6.14120990803044e-15"
"284","V206_ Very High","V205_ Very High","0.719747607928353","6.14120990803044e-15"
